72,508,380,2D_车头视角2.jpg,992,659
11,506,377,2D_车头视角2.jpg,992,659
10,540,382,2D_车头视角2.jpg,992,659
73,536,385,2D_车头视角2.jpg,992,659
19,534,408,2D_车头视角2.jpg,992,659
13,535,398,2D_车头视角2.jpg,992,659
16,551,394,2D_车头视角2.jpg,992,659
20,549,404,2D_车头视角2.jpg,992,659
14,500,390,2D_车头视角2.jpg,992,659
17,500,399,2D_车头视角2.jpg,992,659
12,550,369,2D_车头视角2.jpg,992,659
15,495,384,2D_车头视角2.jpg,992,659
18,495,393,2D_车头视角2.jpg,992,659
128,559,379,2D_车头视角2.jpg,992,659
129,832,396,2D_车头视角2.jpg,992,659
137,621,580,2D_车头视角2.jpg,992,659
103,201,362,2D_车头视角2.jpg,992,659
104,258,363,2D_车头视角2.jpg,992,659