57,914,401,2D_前广角镜头.jpg,992,659
58,940,425,2D_前广角镜头.jpg,992,659
85,960,357,2D_前广角镜头.jpg,992,659
51,934,388,2D_前广角镜头.jpg,992,659
129,798,298,2D_前广角镜头.jpg,992,659
15,494,268,2D_前广角镜头.jpg,992,659
18,494,276,2D_前广角镜头.jpg,992,659
14,501,275,2D_前广角镜头.jpg,992,659
17,501,283,2D_前广角镜头.jpg,992,659
13,552,284,2D_前广角镜头.jpg,992,659
19,551,293,2D_前广角镜头.jpg,992,659
16,570,280,2D_前广角镜头.jpg,992,659
20,570,289,2D_前广角镜头.jpg,992,659
72,512,266,2D_前广角镜头.jpg,992,659
73,551,272,2D_前广角镜头.jpg,992,659
10,554,268,2D_前广角镜头.jpg,992,659
11,510,262,2D_前广角镜头.jpg,992,659
12,565,257,2D_前广角镜头.jpg,992,659
128,578,267,2D_前广角镜头.jpg,992,659
136,126,331,2D_前广角镜头.jpg,992,659
135,56,381,2D_前广角镜头.jpg,992,659
103,220,274,2D_前广角镜头.jpg,992,659
104,254,269,2D_前广角镜头.jpg,992,659
137,686,494,2D_前广角镜头.jpg,992,659