100,60,538,全景拼接画面.jpg,992,1400
101,83,84,全景拼接画面.jpg,992,1400
102,159,85,全景拼接画面.jpg,992,1400
103,87,6,全景拼接画面.jpg,992,1400
104,160,7,全景拼接画面.jpg,992,1400
105,171,1145,全景拼接画面.jpg,992,1400
106,168,1117,全景拼接画面.jpg,992,1400
107,101,1140,全景拼接画面.jpg,992,1400
108,200,705,全景拼接画面.jpg,992,1400
109,201,721,全景拼接画面.jpg,992,1400
110,176,682,全景拼接画面.jpg,992,1400
111,158,681,全景拼接画面.jpg,992,1400
112,156,751,全景拼接画面.jpg,992,1400
113,135,724,全景拼接画面.jpg,992,1400
114,124,737,全景拼接画面.jpg,992,1400
115,96,766,全景拼接画面.jpg,992,1400
116,80,784,全景拼接画面.jpg,992,1400
117,134,775,全景拼接画面.jpg,992,1400
118,121,788,全景拼接画面.jpg,992,1400
119,91,818,全景拼接画面.jpg,992,1400
120,71,837,全景拼接画面.jpg,992,1400
121,39,829,全景拼接画面.jpg,992,1400
122,168,752,全景拼接画面.jpg,992,1400
123,866,733,全景拼接画面.jpg,992,1400
124,844,717,全景拼接画面.jpg,992,1400
125,831,706,全景拼接画面.jpg,992,1400
126,816,694,全景拼接画面.jpg,992,1400
127,793,677,全景拼接画面.jpg,992,1400
128,574,52,全景拼接画面.jpg,992,1400
129,866,92,全景拼接画面.jpg,992,1400
130,104,634,全景拼接画面.jpg,992,1400
131,70,648,全景拼接画面.jpg,992,1400
132,14,647,全景拼接画面.jpg,992,1400
133,66,442,全景拼接画面.jpg,992,1400
134,67,346,全景拼接画面.jpg,992,1400
135,72,255,全景拼接画面.jpg,992,1400
136,77,169,全景拼接画面.jpg,992,1400
137,564,249,全景拼接画面.jpg,992,1400