1,891,326,全景拼接画面.jpg,992,1400
2,916,629,全景拼接画面.jpg,992,1400
3,912,690,全景拼接画面.jpg,992,1400
4,976,631,全景拼接画面.jpg,992,1400
5,777,646,全景拼接画面.jpg,992,1400
6,785,673,全景拼接画面.jpg,992,1400
7,803,635,全景拼接画面.jpg,992,1400
8,156,701,全景拼接画面.jpg,992,1400
9,181,726,全景拼接画面.jpg,992,1400
10,547,65,全景拼接画面.jpg,992,1400
11,509,50,全景拼接画面.jpg,992,1400
12,567,32,全景拼接画面.jpg,992,1400
13,538,98,全景拼接画面.jpg,992,1400
14,501,81,全景拼接画面.jpg,992,1400
15,494,66,全景拼接画面.jpg,992,1400
16,558,89,全景拼接画面.jpg,992,1400
17,500,100,全景拼接画面.jpg,992,1400
18,495,88,全景拼接画面.jpg,992,1400
19,535,118,全景拼接画面.jpg,992,1400
20,554,106,全景拼接画面.jpg,992,1400
21,280,140,全景拼接画面.jpg,992,1400
22,260,128,全景拼接画面.jpg,992,1400
23,246,150,全景拼接画面.jpg,992,1400
24,239,160,全景拼接画面.jpg,992,1400
25,268,165,全景拼接画面.jpg,992,1400
26,170,686,全景拼接画面.jpg,992,1400
27,195,709,全景拼接画面.jpg,992,1400
28,195,727,全景拼接画面.jpg,992,1400
29,55,937,全景拼接画面.jpg,992,1400
30,97,874,全景拼接画面.jpg,992,1400
31,75,551,全景拼接画面.jpg,992,1400
32,105,550,全景拼接画面.jpg,992,1400
33,492,1270,全景拼接画面.jpg,992,1400
34,542,1271,全景拼接画面.jpg,992,1400
35,919,962,全景拼接画面.jpg,992,1400
36,919,988,全景拼接画面.jpg,992,1400
37,940,963,全景拼接画面.jpg,992,1400
38,907,868,全景拼接画面.jpg,992,1400
39,976,939,全景拼接画面.jpg,992,1400
40,868,1000,全景拼接画面.jpg,992,1400
41,737,1157,全景拼接画面.jpg,992,1400
42,611,1206,全景拼接画面.jpg,992,1400
43,585,1180,全景拼接画面.jpg,992,1400
44,562,1205,全景拼接画面.jpg,992,1400
45,585,1206,全景拼接画面.jpg,992,1400
46,105,1381,全景拼接画面.jpg,992,1400
47,716,1149,全景拼接画面.jpg,992,1400
48,890,870,全景拼接画面.jpg,992,1400
49,923,755,全景拼接画面.jpg,992,1400
50,930,265,全景拼接画面.jpg,992,1400
51,876,247,全景拼接画面.jpg,992,1400
52,955,189,全景拼接画面.jpg,992,1400
53,965,182,全景拼接画面.jpg,992,1400
54,945,236,全景拼接画面.jpg,992,1400
55,702,746,全景拼接画面.jpg,992,1400
56,700,828,全景拼接画面.jpg,992,1400
57,785,248,全景拼接画面.jpg,992,1400
58,787,273,全景拼接画面.jpg,992,1400
59,788,656,全景拼接画面.jpg,992,1400
60,794,660,全景拼接画面.jpg,992,1400
61,809,671,全景拼接画面.jpg,992,1400
62,821,681,全景拼接画面.jpg,992,1400
63,839,695,全景拼接画面.jpg,992,1400
64,858,711,全景拼接画面.jpg,992,1400
65,813,655,全景拼接画面.jpg,992,1400
66,822,666,全景拼接画面.jpg,992,1400
67,831,676,全景拼接画面.jpg,992,1400
68,870,700,全景拼接画面.jpg,992,1400
69,877,704,全景拼接画面.jpg,992,1400
70,879,724,全景拼接画面.jpg,992,1400
71,902,714,全景拼接画面.jpg,992,1400
72,511,57,全景拼接画面.jpg,992,1400
73,542,70,全景拼接画面.jpg,992,1400
74,20,547,全景拼接画面.jpg,992,1400
75,892,1245,全景拼接画面.jpg,992,1400
76,776,1205,全景拼接画面.jpg,992,1400
77,757,1206,全景拼接画面.jpg,992,1400
78,736,1190,全景拼接画面.jpg,992,1400
79,888,1268,全景拼接画面.jpg,992,1400
80,958,1282,全景拼接画面.jpg,992,1400
81,831,869,全景拼接画面.jpg,992,1400
82,908,931,全景拼接画面.jpg,992,1400
83,717,547,全景拼接画面.jpg,992,1400
84,218,105,全景拼接画面.jpg,992,1400
85,915,175,全景拼接画面.jpg,992,1400
86,957,277,全景拼接画面.jpg,992,1400
87,917,302,全景拼接画面.jpg,992,1400
88,955,251,全景拼接画面.jpg,992,1400
89,938,344,全景拼接画面.jpg,992,1400
90,980,388,全景拼接画面.jpg,992,1400
91,976,433,全景拼接画面.jpg,992,1400
92,982,433,全景拼接画面.jpg,992,1400
93,954,418,全景拼接画面.jpg,992,1400
94,47,1383,全景拼接画面.jpg,992,1400
95,765,646,全景拼接画面.jpg,992,1400
96,774,677,全景拼接画面.jpg,992,1400
97,771,632,全景拼接画面.jpg,992,1400
98,795,622,全景拼接画面.jpg,992,1400
99,812,630,全景拼接画面.jpg,992,1400
100,66,534,全景拼接画面.jpg,992,1400
101,83,84,全景拼接画面.jpg,992,1400
102,159,85,全景拼接画面.jpg,992,1400
103,87,6,全景拼接画面.jpg,992,1400
104,160,7,全景拼接画面.jpg,992,1400
105,171,1145,全景拼接画面.jpg,992,1400
106,168,1117,全景拼接画面.jpg,992,1400
107,101,1140,全景拼接画面.jpg,992,1400
108,200,705,全景拼接画面.jpg,992,1400
109,201,721,全景拼接画面.jpg,992,1400
110,176,682,全景拼接画面.jpg,992,1400
111,158,681,全景拼接画面.jpg,992,1400
112,156,751,全景拼接画面.jpg,992,1400
113,135,724,全景拼接画面.jpg,992,1400
114,124,737,全景拼接画面.jpg,992,1400
115,96,766,全景拼接画面.jpg,992,1400
116,80,784,全景拼接画面.jpg,992,1400
117,134,775,全景拼接画面.jpg,992,1400
118,121,788,全景拼接画面.jpg,992,1400
119,91,818,全景拼接画面.jpg,992,1400
120,71,837,全景拼接画面.jpg,992,1400
121,39,829,全景拼接画面.jpg,992,1400
122,168,752,全景拼接画面.jpg,992,1400
123,866,733,全景拼接画面.jpg,992,1400
124,844,717,全景拼接画面.jpg,992,1400
125,831,706,全景拼接画面.jpg,992,1400
126,816,694,全景拼接画面.jpg,992,1400
127,793,677,全景拼接画面.jpg,992,1400
128,574,52,全景拼接画面.jpg,992,1400
129,866,92,全景拼接画面.jpg,992,1400